show_id,community
33,1
56,1
79,1
97,1
135,1
195,1
210,1
232,1
240,1
273,1
277,1
282,1
284,1
286,1
340,1
352,1
359,1
364,1
366,1
396,1
398,1
421,1
439,1
491,1
525,1
537,1
551,1
560,1
605,1
606,1
608,1
650,1
702,1
708,1
844,1
858,1
886,1
979,1
981,1
990,1
1091,1
1105,1
1123,1
1140,1
1161,1
1179,1
1304,1
1319,1
1322,1
1338,1
1418,1
1447,1
1469,1
1476,1
1506,1
1535,1
1569,1
1617,1
1644,1
1669,1
1671,1
1820,1
1835,1
1872,1
1897,1
1925,1
1929,1
1971,1
1979,1
2020,1
2034,1
2079,1
2155,1
2166,1
2201,1
2247,1
2282,1
2287,1
2309,1
2330,1
2358,1
2367,1
2401,1
2410,1
2426,1
2476,1
2493,1
2520,1
2558,1
2561,1
2626,1
2691,1
2705,1
2707,1
2732,1
2765,1
2775,1
2864,1
2871,1
2909,1
2926,1
2970,1
3010,1
3031,1
3037,1
3046,1
3055,1
3103,1
3121,1
3151,1
3152,1
3162,1
3200,1
3202,1
3226,1
3248,1
3252,1
3271,1
3301,1
3308,1
3309,1
3312,1
3314,1
3334,1
3361,1
3364,1
3371,1
3378,1
3423,1
3425,1
3446,1
3458,1
3513,1
3534,1
3561,1
3573,1
3579,1
3604,1
3615,1
3661,1
3663,1
3684,1
3705,1
3710,1
3745,1
3749,1
3778,1
4,2
12,2
47,2
73,2
77,2
93,2
103,2
105,2
106,2
107,2
138,2
173,2
184,2
185,2
201,2
217,2
226,2
236,2
280,2
290,2
346,2
355,2
373,2
386,2
400,2
423,2
452,2
529,2
545,2
547,2
566,2
575,2
603,2
697,2
703,2
734,2
749,2
751,2
885,2
935,2
1030,2
1042,2
1052,2
1065,2
1078,2
1082,2
1092,2
1106,2
1169,2
1204,2
1275,2
1370,2
1412,2
1446,2
1486,2
1490,2
1494,2
1540,2
1582,2
1583,2
1621,2
1652,2
1660,2
1686,2
1689,2
1693,2
1707,2
1747,2
1774,2
1826,2
1910,2
1921,2
1967,2
1969,2
2017,2
2045,2
2046,2
2092,2
2139,2
2150,2
2228,2
2246,2
2280,2
2327,2
2383,2
2389,2
2452,2
2459,2
2463,2
2560,2
2562,2
2631,2
2634,2
2644,2
2741,2
2757,2
2769,2
2771,2
2852,2
2854,2
2876,2
2879,2
2888,2
2896,2
2932,2
2985,2
2996,2
3012,2
3109,2
3110,2
3119,2
3216,2
3230,2
3231,2
3239,2
3274,2
3284,2
3320,2
3373,2
3415,2
3416,2
3443,2
3447,2
3461,2
3590,2
3626,2
3711,2
3744,2
3761,2
31,3
49,3
127,3
196,3
199,3
212,3
230,3
259,3
265,3
266,3
326,3
327,3
343,3
363,3
391,3
429,3
460,3
568,3
611,3
649,3
672,3
843,3
903,3
933,3
939,3
942,3
959,3
1067,3
1084,3
1090,3
1114,3
1136,3
1159,3
1170,3
1176,3
1193,3
1196,3
1210,3
1390,3
1467,3
1485,3
1544,3
1631,3
1683,3
1684,3
1716,3
1752,3
1761,3
1803,3
1850,3
1905,3
1935,3
1945,3
1949,3
1960,3
1963,3
1981,3
2006,3
2089,3
2118,3
2130,3
2158,3
2184,3
2204,3
2219,3
2262,3
2299,3
2342,3
2350,3
2370,3
2381,3
2388,3
2425,3
2440,3
2450,3
2454,3
2491,3
2508,3
2522,3
2543,3
2633,3
2659,3
2665,3
2694,3
2738,3
2740,3
2766,3
2787,3
2857,3
2944,3
2955,3
2957,3
2988,3
3027,3
3049,3
3075,3
3096,3
3099,3
3116,3
3140,3
3142,3
3176,3
3185,3
3193,3
3209,3
3273,3
3275,3
3285,3
3290,3
3338,3
3379,3
3402,3
3453,3
3455,3
3487,3
3526,3
3569,3
3580,3
3588,3
3631,3
3640,3
3717,3
3796,3
3797,3
92,4
94,4
161,4
163,4
165,4
186,4
189,4
203,4
425,4
486,4
563,4
619,4
640,4
681,4
737,4
796,4
800,4
817,4
894,4
905,4
964,4
987,4
1040,4
1045,4
1049,4
1051,4
1102,4
1150,4
1205,4
1219,4
1399,4
1549,4
1607,4
1627,4
1628,4
1714,4
1950,4
1970,4
2016,4
2097,4
2098,4
2133,4
2136,4
2187,4
2264,4
2355,4
2402,4
2435,4
2447,4
2477,4
2503,4
2586,4
2720,4
2722,4
2788,4
2847,4
2872,4
2907,4
2914,4
3091,4
3160,4
3219,4
3236,4
3266,4
3277,4
3372,4
3433,4
3445,4
3546,4
3550,4
3571,4
3603,4
3624,4
3642,4
3757,4
3759,4
3782,4
3794,4
16,5
51,5
76,5
112,5
158,5
188,5
204,5
287,5
295,5
434,5
516,5
536,5
626,5
752,5
814,5
827,5
835,5
932,5
955,5
1059,5
1060,5
1232,5
1253,5
1259,5
1332,5
1353,5
1410,5
1620,5
1736,5
1842,5
1849,5
1853,5
1975,5
2009,5
2029,5
2096,5
2113,5
2185,5
2195,5
2411,5
2418,5
2519,5
2612,5
2646,5
2768,5
2800,5
2823,5
2846,5
2890,5
2969,5
2982,5
3033,5
3179,5
3341,5
3408,5
3412,5
3533,5
10,6
25,6
46,6
120,6
131,6
246,6
374,6
393,6
444,6
450,6
455,6
628,6
638,6
816,6
874,6
915,6
957,6
1039,6
1141,6
1165,6
1182,6
1383,6
1517,6
1518,6
1572,6
1577,6
1579,6
1604,6
1665,6
1668,6
1710,6
1745,6
1893,6
1958,6
2036,6
2106,6
2156,6
2253,6
2293,6
2343,6
2400,6
2413,6
2468,6
2483,6
2556,6
2701,6
2812,6
3051,6
3088,6
3118,6
3188,6
3264,6
3336,6
3472,6
3672,6
3755,6
119,7
147,7
253,7
305,7
354,7
465,7
482,7
558,7
609,7
687,7
875,7
911,7
977,7
1064,7
1079,7
1115,7
1131,7
1134,7
1142,7
1151,7
1168,7
1172,7
1289,7
1293,7
1449,7
1487,7
1562,7
1798,7
1878,7
1995,7
2076,7
2087,7
2104,7
2146,7
2270,7
2340,7
2495,7
2557,7
2826,7
2902,7
2975,7
3061,7
3084,7
3087,7
3168,7
3197,7
3344,7
3466,7
3508,7
3517,7
3630,7
187,8
235,8
237,8
245,8
531,8
665,8
707,8
909,8
1033,8
1044,8
1048,8
1213,8
1344,8
1351,8
1406,8
1411,8
1465,8
1477,8
1484,8
1701,8
1730,8
1749,8
1838,8
1839,8
1904,8
1907,8
1912,8
1932,8
2145,8
2211,8
2289,8
2316,8
2317,8
2336,8
2337,8
2416,8
2580,8
2983,8
3070,8
3214,8
3293,8
3348,8
3452,8
3479,8
3521,8
3541,8
3724,8
3795,8
64,9
67,9
108,9
110,9
170,9
193,9
267,9
330,9
500,9
583,9
704,9
795,9
863,9
880,9
928,9
951,9
963,9
1028,9
1062,9
1125,9
1292,9
1367,9
1458,9
1507,9
1522,9
1586,9
1677,9
1978,9
2023,9
2193,9
2384,9
2398,9
2521,9
2601,9
2674,9
2848,9
2900,9
2999,9
3044,9
3125,9
3149,9
3238,9
3260,9
3337,9
3420,9
3648,9
205,10
252,10
313,10
347,10
544,10
639,10
673,10
717,10
754,10
832,10
857,10
902,10
958,10
994,10
1088,10
1127,10
1237,10
1306,10
1421,10
1516,10
1530,10
1906,10
1953,10
1954,10
2088,10
2101,10
2131,10
2272,10
2295,10
2507,10
2559,10
2758,10
2839,10
2986,10
3068,10
3220,10
3389,10
3400,10
3424,10
3469,10
3506,10
3595,10
3608,10
3610,10
3718,10
3726,10
65,11
175,11
613,11
790,11
898,11
948,11
1070,11
1138,11
1187,11
1474,11
1615,11
1718,11
1737,11
1991,11
2044,11
2052,11
2143,11
2168,11
2318,11
2344,11
2375,11
2419,11
2518,11
2664,11
2734,11
2831,11
2925,11
3015,11
3129,11
3203,11
3263,11
3327,11
3377,11
3396,11
3441,11
3505,11
3524,11
3555,11
3618,11
3656,11
3658,11
3662,11
3706,11
3742,11
3791,11
84,12
136,12
177,12
293,12
395,12
466,12
485,12
503,12
595,12
607,12
637,12
741,12
876,12
1013,12
1341,12
1489,12
1546,12
1680,12
1741,12
1794,12
2181,12
2237,12
2245,12
2348,12
2497,12
2533,12
2553,12
2653,12
2656,12
2777,12
2818,12
2881,12
3034,12
3039,12
3097,12
3242,12
3259,12
3311,12
3504,12
3512,12
3674,12
198,13
262,13
332,13
430,13
629,13
900,13
993,13
1143,13
1180,13
1276,13
1326,13
1386,13
1448,13
1478,13
1764,13
1788,13
1833,13
1857,13
1901,13
1934,13
1956,13
1962,13
2116,13
2140,13
2241,13
2399,13
2428,13
2582,13
2764,13
2918,13
3080,13
3212,13
3247,13
3307,13
3316,13
3495,13
3538,13
3645,13
3721,13
83,14
216,14
224,14
309,14
334,14
499,14
642,14
722,14
839,14
850,14
865,14
890,14
949,14
1031,14
1124,14
1139,14
1156,14
1167,14
1236,14
1415,14
1773,14
1802,14
1851,14
2004,14
2182,14
2224,14
2266,14
2434,14
2763,14
3021,14
3227,14
3253,14
3597,14
3729,14
3740,14
11,15
54,15
118,15
247,15
308,15
360,15
405,15
496,15
517,15
714,15
936,15
1012,15
1077,15
1086,15
1212,15
1216,15
1228,15
1286,15
1481,15
1780,15
1832,15
1951,15
1980,15
2048,15
2164,15
2409,15
2431,15
2980,15
3089,15
3351,15
3375,15
3462,15
3688,15
3762,15
6,16
60,16
78,16
166,16
238,16
310,16
316,16
590,16
834,16
1111,16
1200,16
1440,16
1453,16
1511,16
1596,16
1859,16
1914,16
2179,16
2274,16
2338,16
2347,16
2544,16
2564,16
2684,16
2733,16
2752,16
2783,16
3038,16
3054,16
3251,16
3326,16
3537,16
3671,16
3768,16
100,17
255,17
315,17
324,17
406,17
597,17
686,17
694,17
711,17
794,17
821,17
1186,17
1241,17
1244,17
1452,17
1501,17
1769,17
1892,17
2105,17
2115,17
2225,17
2279,17
2291,17
2781,17
3093,17
3180,17
3390,17
3429,17
3492,17
3582,17
3665,17
3681,17
3713,17
3728,17
134,18
219,18
225,18
302,18
328,18
655,18
723,18
805,18
888,18
978,18
1036,18
1098,18
1265,18
1321,18
1346,18
1559,18
1757,18
2144,18
2236,18
2526,18
2608,18
2624,18
2672,18
2754,18
2971,18
3057,18
3073,18
3175,18
3206,18
3350,18
3530,18
3601,18
3654,18
24,19
81,19
251,19
276,19
356,19
399,19
415,19
557,19
724,19
906,19
1185,19
1361,19
1380,19
1441,19
1778,19
2071,19
2321,19
2430,19
2448,19
2666,19
2811,19
2945,19
3020,19
3171,19
3352,19
3485,19
3598,19
3611,19
3655,19
3678,19
3689,19
3735,19
66,20
70,20
278,20
349,20
501,20
561,20
780,20
824,20
842,20
930,20
1116,20
1184,20
1194,20
1209,20
1245,20
1557,20
2012,20
2022,20
2191,20
2192,20
2304,20
2312,20
2438,20
2473,20
2803,20
2840,20
2880,20
3067,20
3201,20
3288,20
3322,20
3570,20
30,21
153,21
358,21
576,21
641,21
705,21
759,21
778,21
789,21
934,21
1147,21
1235,21
1313,21
1471,21
1475,21
1480,21
1561,21
1738,21
1896,21
2007,21
2011,21
2030,21
2137,21
2319,21
2323,21
2387,21
2488,21
2730,21
2774,21
2987,21
3369,21
7,22
48,22
370,22
470,22
512,22
554,22
645,22
762,22
766,22
877,22
1599,22
2090,22
2186,22
2283,22
2332,22
2492,22
2499,22
2579,22
2622,22
2696,22
2725,22
2894,22
2992,22
3107,22
3137,22
3204,22
3527,22
3612,22
3696,22
3741,22
3792,22
130,23
190,23
574,23
710,23
750,23
896,23
947,23
1046,23
1173,23
1352,23
1433,23
1565,23
1915,23
2129,23
2141,23
2167,23
2227,23
2244,23
2423,23
2486,23
2858,23
2940,23
3062,23
3108,23
3173,23
3292,23
3411,23
3515,23
3737,23
3752,23
109,24
288,24
341,24
387,24
668,24
684,24
856,24
891,24
1047,24
1272,24
1391,24
1560,24
1602,24
1939,24
1965,24
1990,24
2217,24
2382,24
2455,24
2462,24
2662,24
2836,24
3138,24
3289,24
3356,24
3480,24
3657,24
3793,24
3799,24
53,25
113,25
124,25
241,25
298,25
368,25
419,25
520,25
553,25
695,25
808,25
840,25
1000,25
1248,25
1278,25
1606,25
2059,25
2085,25
2103,25
2254,25
2364,25
2799,25
2941,25
3023,25
3043,25
3112,25
3542,25
3575,25
3801,25
44,26
271,26
478,26
621,26
625,26
730,26
777,26
945,26
1128,26
1277,26
1288,26
1610,26
1672,26
1816,26
2328,26
2403,26
2539,26
2552,26
2573,26
2590,26
2742,26
2804,26
2892,26
3224,26
3279,26
3313,26
3365,26
3563,26
19,27
52,27
269,27
375,27
527,27
765,27
802,27
996,27
1445,27
1818,27
1886,27
2070,27
2110,27
2306,27
2310,27
2595,27
2618,27
2643,27
2721,27
2976,27
2998,27
3002,27
3268,27
3419,27
3591,27
3594,27
3664,27
162,28
270,28
418,28
442,28
457,28
570,28
651,28
873,28
920,28
1222,28
1520,28
1576,28
1841,28
1861,28
2163,28
2197,28
2589,28
2827,28
2936,28
2960,28
3223,28
3256,28
3330,28
3493,28
3629,28
3748,28
3760,28
86,29
515,29
549,29
579,29
581,29
781,29
788,29
831,29
848,29
870,29
980,29
1029,29
1157,29
1425,29
1632,29
1889,29
1994,29
2445,29
2464,29
2478,29
2919,29
3063,29
3228,29
3353,29
3489,29
3606,29
3667,29
74,30
202,30
299,30
314,30
361,30
380,30
464,30
632,30
728,30
854,30
1262,30
1435,30
1438,30
1479,30
1898,30
1918,30
2083,30
2359,30
2850,30
2927,30
3030,30
3083,30
3211,30
3300,30
3362,30
3422,30
2,31
209,31
215,31
301,31
508,31
813,31
836,31
881,31
937,31
946,31
1001,31
1025,31
1074,31
1163,31
1249,31
1454,31
1590,31
2050,31
2061,31
2688,31
3136,31
3194,31
3296,31
3605,31
3719,31
183,32
476,32
556,32
614,32
663,32
744,32
864,32
989,32
1498,32
1553,32
1715,32
1810,32
2019,32
2066,32
2261,32
2298,32
2479,32
2615,32
2806,32
2995,32
3024,32
3101,32
3646,32
3670,32
438,33
534,33
612,33
916,33
925,33
1133,33
1195,33
1279,33
1307,33
1349,33
1398,33
1594,33
1768,33
2042,33
2301,33
2307,33
2412,33
2794,33
3222,33
3519,33
3564,33
3568,33
3754,33
129,34
214,34
254,34
492,34
661,34
810,34
871,34
1119,34
1154,34
1242,34
1271,34
1376,34
1558,34
1563,34
1681,34
2203,34
2216,34
2649,34
2853,34
3254,34
3281,34
68,35
206,35
443,35
540,35
763,35
983,35
1233,35
1315,35
1521,35
1655,35
1685,35
1744,35
1754,35
2073,35
2138,35
2422,35
2915,35
3058,35
3082,35
3359,35
3566,35
98,36
156,36
159,36
378,36
828,36
1027,36
1337,36
1508,36
1534,36
1548,36
1567,36
1662,36
1855,36
2176,36
2368,36
2525,36
2554,36
2574,36
2950,36
3434,36
260,37
263,37
307,37
447,37
571,37
859,37
910,37
962,37
992,37
1158,37
1639,37
1721,37
1848,37
2267,37
2325,37
2592,37
2897,37
3520,37
3586,37
3781,37
311,38
446,38
587,38
995,38
1175,38
1356,38
1725,38
1927,38
1998,38
2142,38
2234,38
2670,38
2802,38
3133,38
3234,38
3323,38
3329,38
3467,38
3510,38
3746,38
141,39
489,39
564,39
869,39
1771,39
1809,39
1955,39
1992,39
2058,39
2451,39
2514,39
2746,39
3029,39
3294,39
3303,39
3349,39
3406,39
3556,39
3621,39
3707,39
524,40
999,40
1015,40
1085,40
1093,40
1108,40
1320,40
1830,40
1931,40
2024,40
2102,40
2324,40
2334,40
2795,40
2949,40
3283,40
3503,40
3673,40
3734,40
3751,40
192,41
319,41
538,41
633,41
739,41
823,41
846,41
879,41
1023,41
1450,41
1575,41
2121,41
2528,41
2782,41
2912,41
3191,41
3494,41
3552,41
3633,41
3680,41
95,42
229,42
244,42
274,42
351,42
480,42
598,42
709,42
784,42
1238,42
1532,42
2220,42
2258,42
2548,42
2617,42
2687,42
2700,42
2821,42
3028,42
9,43
40,43
122,43
154,43
413,43
427,43
567,43
699,43
798,43
1201,43
1214,43
1911,43
2948,43
3086,43
3276,43
3302,43
3442,43
3557,43
3771,43
123,44
139,44
392,44
402,44
436,44
453,44
479,44
701,44
1339,44
1430,44
1462,44
1584,44
2513,44
2640,44
2678,44
2704,44
2934,44
3105,44
350,45
357,45
462,45
502,45
513,45
550,45
818,45
907,45
1019,45
1409,45
1497,45
1702,45
1943,45
2120,45
2713,45
2791,45
2937,45
3032,45
57,46
117,46
318,46
420,46
746,46
1223,46
1389,46
1500,46
1524,46
1597,46
1616,46
1767,46
1868,46
1997,46
2596,46
2632,46
2952,46
3392,46
142,47
321,47
497,47
1401,47
1551,47
1564,47
1742,47
1940,47
2060,47
2474,47
2751,47
2755,47
2917,47
3071,47
3404,47
3417,47
3478,47
3491,47
29,48
600,48
634,48
775,48
1022,48
1117,48
1225,48
1395,48
1416,48
1630,48
1805,48
2555,48
2642,48
2680,48
2756,48
2830,48
3014,48
3325,48
32,49
58,49
1622,49
1787,49
1985,49
2033,49
2075,49
2084,49
2108,49
2127,49
2529,49
2729,49
2761,49
3367,49
3407,49
3418,49
3548,49
3733,49
771,50
1266,50
1405,50
1647,50
1720,50
1847,50
2013,50
2190,50
2466,50
2551,50
2654,50
2851,50
3095,50
3174,50
3278,50
3628,50
3652,50
372,51
785,51
893,51
960,51
1291,51
1318,51
1598,51
2054,51
2057,51
2069,51
2209,51
2443,51
2506,51
2625,51
2931,51
3299,51
3636,51
128,52
700,52
791,52
852,52
953,52
1261,52
1373,52
1419,52
1442,52
1713,52
2126,52
2457,52
2832,52
3376,52
3560,52
3653,52
3769,52
768,53
776,53
913,53
1011,53
1393,53
1407,53
1533,53
1570,53
1740,53
1989,53
2256,53
2415,53
2537,53
2808,53
2905,53
3345,53
258,54
379,54
833,54
1132,54
1246,54
1613,54
1656,54
1682,54
2086,54
2232,54
2433,54
2542,54
2636,54
2689,54
2726,54
3106,54
285,55
408,55
412,55
675,55
965,55
1782,55
1840,55
2031,55
2067,55
2393,55
2460,55
2584,55
2585,55
3243,55
3385,55
3676,55
111,56
338,56
369,56
416,56
755,56
1058,56
1330,56
1819,56
2072,56
2229,56
2292,56
2856,56
2913,56
2961,56
2981,56
3240,56
716,57
797,57
887,57
1043,57
1109,57
1422,57
1434,57
1729,57
1808,57
2109,57
2157,57
2581,57
3076,57
3448,57
3468,57
3727,57
36,58
148,58
320,58
409,58
691,58
712,58
822,58
1503,58
1751,58
2405,58
2569,58
2724,58
2835,58
2861,58
2933,58
291,59
1183,59
1335,59
1643,59
1691,59
1762,59
1919,59
2230,59
2575,59
2619,59
2620,59
2638,59
2639,59
2845,59
3783,59
143,60
481,60
647,60
748,60
758,60
1181,60
1496,60
1801,60
1973,60
2252,60
2545,60
2715,60
3007,60
3154,60
3196,60
145,61
261,61
867,61
884,61
1368,61
1817,61
2010,61
2510,61
2702,61
2833,61
2886,61
3306,61
3540,61
3576,61
3785,61
3,62
213,62
530,62
838,62
970,62
1149,62
1177,62
1388,62
1920,62
1976,62
2100,62
2273,62
2895,62
3399,62
3585,62
233,63
646,63
715,63
878,63
1071,63
1258,63
1296,63
1424,63
1722,63
1888,63
2322,63
3192,63
3583,63
3774,63
55,64
197,64
679,64
956,64
1020,64
1811,64
1856,64
1863,64
2015,64
2614,64
2796,64
2939,64
3114,64
3343,64
140,65
279,65
1112,65
1536,65
1633,65
1823,65
1984,65
2743,65
3042,65
3229,65
3298,65
3498,65
3602,65
3714,65
223,66
424,66
532,66
1619,66
1674,66
1748,66
1987,66
2475,66
2603,66
3000,66
3144,66
3304,66
3427,66
3627,66
228,67
292,67
487,67
591,67
596,67
604,67
735,67
1037,67
2380,67
2480,67
2860,67
3516,67
3574,67
3607,67
256,68
268,68
384,68
543,68
1230,68
1355,68
1400,68
1785,68
2077,68
2470,68
2523,68
2637,68
3650,68
146,69
407,69
433,69
648,69
938,69
985,69
998,69
1290,69
1439,69
1461,69
1933,69
3398,69
3620,69
475,70
483,70
1094,70
1152,70
1190,70
1539,70
1603,70
1635,70
2372,70
2540,70
2655,70
3522,70
3775,70
593,71
652,71
660,71
738,71
1006,71
1061,71
1793,71
1899,71
2111,71
2165,71
2628,71
2792,71
3677,71
82,72
294,72
297,72
1270,72
1443,72
1470,72
1786,72
1948,72
2196,72
2271,72
2408,72
3090,72
3182,72
303,73
468,73
809,73
1727,73
1799,73
2198,73
2284,73
2908,73
2972,73
2979,73
3333,73
3545,73
333,74
389,74
656,74
1310,74
1542,74
1556,74
1881,74
1928,74
2265,74
2373,74
2538,74
3148,74
348,75
367,75
1260,75
2147,75
2320,75
2549,75
2667,75
2692,75
2718,75
2748,75
2978,75
3766,75
21,76
37,76
484,76
657,76
693,76
967,76
975,76
1394,76
1704,76
1946,76
3381,76
3644,76
1342,77
1634,77
2041,77
2417,77
2424,77
2494,77
2577,77
2869,77
2968,77
3388,77
3767,77
3786,77
432,78
662,78
713,78
719,78
1696,78
1814,78
2285,78
2604,78
2645,78
3246,78
3470,78
3634,78
26,79
542,79
753,79
825,79
1301,79
1795,79
1964,79
2043,79
2148,79
2822,79
2974,79
3722,79
528,80
569,80
586,80
599,80
982,80
1121,80
1402,80
1765,80
2453,80
2627,80
2922,80
3092,80
234,81
249,81
622,81
677,81
1354,81
1791,81
2456,81
2867,81
2953,81
3198,81
3694,81
306,82
510,82
807,82
1146,82
1657,82
1760,82
2277,82
2747,82
2842,82
3386,82
3691,82
137,83
1331,83
1739,83
1924,83
2394,83
2762,83
2805,83
2874,83
2964,83
3072,83
3743,83
168,84
631,84
761,84
1327,84
1488,84
2208,84
2397,84
2465,84
3003,84
3060,84
3286,84
522,85
1056,85
1057,85
1075,85
1174,85
1595,85
1822,85
2175,85
2215,85
2302,85
3482,85
174,86
573,86
584,86
815,86
1050,86
1515,86
1673,86
2199,86
2502,86
3155,86
3659,86
221,87
585,87
1581,87
1695,87
1759,87
2213,87
2779,87
3287,87
3387,87
3426,87
3593,87
803,88
1016,88
1110,88
1922,88
2062,88
2125,88
2745,88
3577,88
3716,88
3764,88
264,89
779,89
940,89
1010,89
2026,89
2188,89
2602,89
2712,89
3006,89
3451,89
1211,90
1300,90
1413,90
1525,90
2512,90
2534,90
2709,90
2807,90
3011,90
3078,90
75,91
85,91
172,91
1120,91
1281,91
1403,91
1468,91
2536,91
2962,91
3699,91
767,92
1032,92
1034,92
1100,92
1243,92
1316,92
1781,92
1884,92
2386,92
770,93
1252,93
2099,93
2226,93
2578,93
2690,93
3497,93
3528,93
3549,93
99,94
819,94
860,94
2504,94
2541,94
2605,94
2630,94
2790,94
2793,94
20,95
114,95
191,95
376,95
1372,95
2300,95
2611,95
3019,95
3026,95
5,96
620,96
667,96
1493,96
1709,96
1916,96
2170,96
3518,96
3765,96
345,97
382,97
1364,97
1815,97
1941,97
2490,97
2547,97
3280,97
3589,97
126,98
1099,98
1135,98
1144,98
1220,98
1790,98
1952,98
2335,98
3225,98
23,99
167,99
555,99
617,99
1009,99
2178,99
2609,99
2977,99
3401,99
63,100
559,100
666,100
1018,100
1492,100
1789,100
1966,100
2935,100
3444,100
182,101
388,101
757,101
774,101
1285,101
1526,101
1612,101
1883,101
2351,101
594,102
1076,102
1294,102
2235,102
2439,102
2458,102
2834,102
3218,102
3800,102
601,103
971,103
1217,103
1295,103
1374,103
1750,103
1938,103
2866,103
3772,103
659,104
1375,104
1877,104
2049,104
2160,104
2210,104
2286,104
2798,104
3730,104
231,105
872,105
919,105
1491,105
1528,105
2841,105
3134,105
3584,105
91,106
682,106
804,106
1107,106
1645,106
1947,106
2391,106
2815,106
281,107
506,107
521,107
1844,107
1908,107
2005,107
3354,107
3432,107
1,108
1309,108
1731,108
1824,108
1996,108
2505,108
2516,108
2685,108
300,109
304,109
696,109
984,109
1758,109
1968,109
3132,109
3161,109
102,110
904,110
973,110
1523,110
1772,110
2951,110
3488,110
3780,110
1066,111
1273,111
1626,111
1734,111
1784,111
3244,111
3261,111
3535,111
121,112
441,112
562,112
812,112
1825,112
2946,112
3465,112
3532,112
1162,113
1692,113
2345,113
2663,113
2959,113
3405,113
3486,113
3587,113
1221,114
1611,114
1854,114
2281,114
2496,114
2772,114
2862,114
3554,114
1269,115
1678,115
2218,115
2973,115
3616,115
3622,115
3639,115
3679,115
80,116
1192,116
1329,116
1531,116
1885,116
2172,116
3045,116
3159,116
671,117
1234,117
1325,117
2621,117
2778,117
2820,117
3123,117
3178,117
34,118
71,118
169,118
222,118
456,118
635,118
3430,118
3685,118
353,119
1550,119
2303,119
2446,119
2920,119
2956,119
3456,119
1155,120
1250,120
1831,120
1843,120
2177,120
2789,120
2810,120
404,121
493,121
676,121
1003,121
2809,121
2893,121
2967,121
1472,122
1588,122
1732,122
1864,122
1865,122
1902,122
3335,122
435,123
1358,123
2032,123
2550,123
2613,123
2749,123
3784,123
451,124
1345,124
1580,124
2356,124
2739,124
2750,124
3723,124
144,125
1700,125
2047,125
2607,125
2849,125
3207,125
3339,125
463,126
1385,126
2333,126
2427,126
2759,126
2817,126
3052,126
580,127
1068,127
1129,127
1875,127
2123,127
2449,127
3321,127
207,128
1527,128
1705,128
1706,128
1993,128
3632,128
3683,128
227,129
539,129
853,129
3113,129
3382,129
3394,129
3553,129
720,130
923,130
986,130
1712,130
2082,130
3221,130
3697,130
35,131
922,131
931,131
1618,131
1676,131
3638,131
3651,131
742,132
1743,132
1917,132
2404,132
2588,132
2598,132
2728,132
17,133
157,133
592,133
1585,133
3235,133
3262,133
3476,133
8,134
218,134
495,134
683,134
1002,134
1552,134
1913,134
769,135
917,135
1451,135
1679,135
1974,135
3475,135
3776,135
283,136
1541,136
1807,136
2250,136
2390,136
3507,136
3709,136
943,137
1054,137
1874,137
2000,137
2152,137
2269,137
3481,137
115,138
1008,138
1312,138
1624,138
1763,138
2329,138
2683,138
50,139
180,139
335,139
1126,139
2482,139
2882,139
3788,139
826,140
1703,140
2371,140
2801,140
3183,140
3437,140
289,141
422,141
1663,141
2275,141
2629,141
3463,141
908,142
1207,142
1547,142
2576,142
3328,142
3514,142
312,143
339,143
1247,143
1894,143
2744,143
3064,143
45,144
616,144
927,144
2421,144
2481,144
3637,144
1130,145
1251,145
1314,145
1357,145
2233,145
3117,145
1986,146
2392,146
2923,146
2990,146
3368,146
3700,146
2149,147
2308,147
2442,147
2686,147
2825,147
3690,147
588,148
921,148
1783,148
2064,148
2276,148
2838,148
87,149
941,149
1038,149
2255,149
3473,149
3623,149
698,150
706,150
1303,150
1350,150
2784,150
3559,150
88,151
445,151
1464,151
2437,151
2531,151
3059,151
830,152
2673,152
3324,152
3732,152
3770,152
991,153
1263,153
1779,153
2056,153
2509,153
1017,154
1229,154
1343,154
2313,154
3614,154
1113,155
1218,155
1601,155
3048,155
3701,155
125,156
1055,156
1231,156
3295,156
3609,156
1191,157
2357,157
2429,157
2675,157
3269,157
1197,158
1199,158
1202,158
1495,158
2610,158
383,159
494,159
1095,159
2093,159
2714,159
1267,160
2568,160
2786,160
3391,160
3625,160
132,161
1837,161
2094,161
2641,161
2911,161
397,162
1755,162
2489,162
3025,162
3484,162
410,163
1226,163
1930,163
2583,163
2837,163
13,164
27,164
1463,164
1654,164
3282,164
1587,165
1664,165
2374,165
2587,165
3483,165
1636,166
1923,166
2379,166
2546,166
3501,166
1642,167
1866,167
2112,167
2910,167
3725,167
1711,168
1880,168
3305,168
3413,168
3787,168
1804,169
1944,169
2288,169
2824,169
3357,169
160,170
692,170
1887,170
2124,170
2717,170
171,171
511,171
1982,171
2904,171
3617,171
2159,172
3539,172
3592,172
3669,172
3715,172
577,173
1426,173
2117,173
2906,173
3077,173
578,174
1988,174
2565,174
3187,174
3750,174
624,175
1846,175
2361,175
2570,175
2650,175
636,176
1537,176
2035,176
2132,176
2703,176
654,177
868,177
1770,177
2311,177
3022,177
658,178
845,178
2242,178
2863,178
3543,178
89,179
1653,179
2183,179
2566,179
747,180
1895,180
2469,180
2679,180
38,181
1396,181
1623,181
2114,181
250,182
1555,182
1723,182
3158,182
786,183
1392,183
2855,183
3464,183
96,184
743,184
851,184
3186,184
792,185
1753,185
2676,185
3380,185
39,186
669,186
1717,186
2314,186
272,187
837,187
1268,187
3643,187
41,188
847,188
2785,188
3163,188
883,189
2711,189
3094,189
3393,189
296,190
390,190
2053,190
3217,190
929,191
2200,191
3578,191
3647,191
43,192
1083,192
1137,192
2221,192
317,193
924,193
1089,193
3777,193
322,194
897,194
1007,194
3181,194
325,195
2947,195
3596,195
3599,195
329,196
685,196
729,196
3104,196
331,197
1103,197
1999,197
2378,197
336,198
552,198
726,198
861,198
1069,199
1189,199
2485,199
2984,199
1073,200
1519,200
2243,200
2843,200
1081,201
1591,201
1708,201
2668,201
1122,202
1670,202
2797,202
3738,202
1609,203
2194,203
2498,203
3756,203
22,204
1024,204
1317,204
3490,204
1203,205
1256,205
1408,205
1735,205
1239,206
1444,206
1792,206
2290,206
385,207
793,207
1437,207
1890,207
401,208
2180,208
2353,208
2816,208
1297,209
2363,209
2657,209
3395,209
1363,210
2078,210
3066,210
3258,210
1371,211
2248,211
2767,211
2813,211
426,212
961,212
2134,212
2658,212
431,213
2296,213
2723,213
3547,213
1436,214
2819,214
3370,214
3529,214
1457,215
1776,215
3008,215
3397,215
62,216
582,216
644,216
1513,216
1514,217
3500,217
3790,217
3798,217
1554,218
1574,218
2202,218
2527,218
1573,219
2432,219
2727,219
3195,219
2189,220
3146,220
3523,220
3544,220
458,221
1942,221
2001,221
3802,221
1637,222
1733,222
3009,222
3600,222
149,223
275,223
1166,223
2014,223
469,224
2938,224
3053,224
3702,224
1667,225
1937,225
1961,225
2600,225
150,226
454,226
1283,226
1638,226
28,227
323,227
1384,227
2593,227
474,228
2151,228
3531,228
3682,228
155,229
2315,229
2354,229
2887,229
1812,230
1828,230
1959,230
3128,230
504,231
2865,231
2885,231
3649,231
14,232
467,232
3145,232
3332,232
689,233
1397,233
2524,233
3169,233
507,234
1164,234
3041,234
3347,234
1870,235
2294,235
2706,235
3081,235
1879,236
2305,236
2648,236
2991,236
3047,237
3414,237
3703,237
3708,237
1977,238
2731,238
2989,238
3184,238
526,239
1512,239
2873,239
3666,239
72,240
440,240
1873,240
2773,240
541,241
2018,241
2135,241
3712,241
548,242
1366,242
2708,242
3410,242
565,243
602,243
2942,243
3122,243
2268,244
2395,244
2828,244
3384,244
15,245
181,245
2063,245
2899,245
2671,246
3170,246
3317,246
3439,246
194,247
1308,247
1845,247
3695,247
630,248
2362,248
2511,248
3135,248
664,249
1483,249
1675,249
2652,249
674,250
1505,250
1545,250
3431,250
678,251
1148,251
1509,251
2716,251
1160,252
1777,252
3147,252
3675,252
371,253
3036,253
3619,253
1661,254
2037,254
3319,254
760,255
1178,255
1834,255
1360,256
1529,256
3499,256
725,257
2038,257
3126,257
733,258
2471,258
2993,258
2003,259
2891,259
2966,259
178,260
2681,260
3763,260
411,261
1311,261
3551,261
242,262
1658,262
3438,262
514,263
1240,263
1455,263
2174,264
3474,264
3558,264
2021,265
2206,265
2737,265
18,266
1900,266
3164,266
772,267
2331,267
3150,267
257,268
1466,268
2249,268
799,269
1456,269
3257,269
926,270
1379,270
3004,270
801,271
1021,271
3291,271
806,272
899,272
2958,272
488,273
2878,273
3237,273
841,274
849,274
2251,274
889,275
1504,275
2153,275
2171,276
2349,276
3355,276
104,277
1651,277
2467,277
2661,278
3018,278
3255,278
952,279
2928,279
3166,279
365,280
2954,280
3111,280
718,281
1359,281
1614,281
589,282
1543,282
2346,282
116,283
490,283
1827,283
1041,284
1414,284
3153,284
764,285
972,285
1862,285
448,286
2377,286
2735,286
1605,287
1775,287
1860,287
1087,288
1224,288
2002,288
1198,289
1538,289
3572,289
1101,290
2081,290
3098,290
428,291
653,291
3079,291
1145,292
1699,292
3115,292
1687,293
2161,293
2924,293
2517,294
2780,294
3496,294
1026,295
1459,295
2753,295
1215,296
1298,296
1423,296
2080,297
2635,297
3074,297
337,298
2339,298
3383,298
533,299
2963,299
3172,299
1274,300
1377,300
3471,300
176,301
2515,301
3124,301
519,302
1502,302
2916,302
1348,303
1641,303
3065,303
2366,304
3297,304
3310,304
1381,305
1666,305
2212,305
721,306
3050,306
3157,306
690,307
1473,307
2376,307
783,308
1608,308
3190,308
61,309
1334,309
2697,309
1482,310
3358,310
3435,310
69,311
2597,311
3265,311
1600,312
1629,312
2257,312
1431,313
2594,313
3409,313
381,314
2710,314
3668,314
1836,315
2260,315
2532,315
461,316
2877,316
3342,316
472,317
3213,317
3403,317
966,318
2223,318
3753,318
1694,319
2051,319
2154,319
477,320
756,320
2695,320
152,321
523,321
2231,321
1876,322
2884,322
3704,322
164,323
782,323
3360,323
688,324
2055,324
2169,324
572,325
1080,325
3130,325
643,326
1797,326
3449,326
1378,327
2829,327
3040,327
1566,328
2365,328
3613,328
471,329
997,329
3005,329
627,330
1829,330
2677,330
1153,331
1427,331
2997,331
1097,332
1305,332
2396,332
1282,333
2040,333
2994,333
362,334
1593,334
2095,334
1227,335
3421,335
3477,335
403,336
2065,336
3318,336
394,337
1382,337
3001,337
1188,338
1255,338
3165,338
546,339
1432,339
3143,339
1428,340
2027,340
2776,340
101,341
1362,341
1387,341
1903,342
2623,342
3428,342
1302,343
1726,343
1746,343
3177,344
3660,344
3736,344
1724,345
3233,345
3374,345
459,346
944,346
2616,346
745,347
2567,347
3241,347
2326,348
2369,348
3056,348
535,349
1284,349
2263,349
2660,350
3017,350
3272,350
2591,351
2760,351
3366,351
2563,352
3698,352
3789,352
2500,353
2599,353
3245,353
1806,354
2572,354
3525,354
670,355
2028,355
2278,355
3127,356
3454,356
3460,356
918,357
1254,357
1336,358
1871,358
1417,359
1460,359
2207,360
2414,360
220,361
2472,361
1578,362
2352,362
1264,363
1589,363
1858,364
3450,364
414,365
3346,365
2441,366
2875,366
59,367
449,367
417,368
1333,368
610,369
2008,369
3102,370
3120,370
1324,371
3363,371
968,372
2669,372
1257,373
1719,373
3199,374
3340,374
2719,375
2736,375
895,376
2122,376
473,377
3270,377
2205,378
3509,378
976,379
1369,379
1005,380
1208,380
623,381
2699,381
855,382
3693,382
344,383
518,383
1649,384
2814,384
2898,385
3139,385
498,386
505,386
680,387
1592,387
1936,388
3085,388
1800,389
3502,389
1983,390
2870,390
1206,391
1813,391
1690,392
2128,392
866,393
1869,393
862,394
1004,394
1499,395
1957,395
243,396
1891,396
901,397
1365,397
2162,398
2883,398
1420,399
3581,399
509,400
1340,400
954,401
1118,401
133,402
2461,402
2119,403
3100,403
2025,404
2844,404
3035,405
3720,405
1287,406
3803,406
1648,407
3440,407
3131,408
3731,408
736,409
1053,409
2571,410
3562,410
740,411
3511,411
914,412
3315,412
1756,413
2407,413
829,414
2259,414
1640,415
1659,415
90,416
615,416
2107,417
2868,417
1852,418
3205,418
732,419
3457,419
969,420
2222,420
2436,421
3250,421
3232,422
3758,422
912,423
1323,423
988,424
3215,424
151,425
1571,425
618,426
3565,426
2682,427
2929,427
882,428
1646,428
1299,429
2501,429
2406,430
3210,430
1698,431
3687,431
1821,432
3686,432
1014,433
2420,433
2770,434
3189,434
211,435
2693,435
2360,436
3773,436
820,437
2530,437
727,438
3436,438
2173,439
3267,439
239,440
1766,440
342,441
3739,441
248,442
2068,442
1104,443
1510,443
1909,444
2341,444
1096,445
2943,445
1035,446
2903,446
377,447
2238,447
2074,448
2647,448
2385,449
2484,449
1867,450
2859,450
1796,451
3567,451
3141,452
3331,452
892,453
1171,453
200,454
950,454
1697,455
2698,455
2930,456
3249,456
3069,457
3641,457
1688,458
2091,458
731,459
2297,459
179,460
1347,460
437,461
3013,461
974,462
3779,462
1728,463
2606,463
42,464
2487,464
2651,465
3167,465
2965,466
3635,466
1568,467
3747,467
1072,468
1972,468
1404,469
2535,469
1328,470
1650,470
2889,471
3692,471
2214,472
3459,472
773,473
3016,473
2240,474
3536,474
1625,475
2444,475
2039,476
2239,476
1926,477
2921,477
2901,478
3208,478
208,479
811,479
1063,480
1280,480
1429,481
3156,481
787,482
1882,482
